,lemma,count
0,masör,1
1,kışkırtmak,10
2,küçük,1
3,Yahudi,1
4,bitirttirmek,16
5,ezmek,10
6,şemsiye,3
7,örmek,8
8,bükmeme,1
9,programlattırmak,11
10,dirilmemek,9
11,uymak,8
12,büyülü,1
13,sürtmek,11
14,kale,3
15,getirmek,7
16,ahtapot,1
17,dağıtmak,6
18,giysi,1
19,öküz,3
20,öldürtmek,8
21,dilsizlik,1
22,kırdırtmak,14
23,gütmek,12
24,gelmek,9
25,gülmek,13
26,karıştırtmak,6
27,pipet,4
28,kloroplast,1
29,yanmak,8
30,boy ölçüşmek,8
31,tutuşturmak,11
32,iletmek,10
33,karar vermek,6
34,bakımsız,2
35,göt,3
36,bildirmek,8
37,üzülmek,14
38,boğmak,9
39,korkutmak,7
40,cezeriye,1
41,imam,1
42,bürümek,6
43,havlu atmak,7
44,yendirmek,15
45,saydırtmak,16
46,öldürtülmek,10
47,cemaat,1
48,yoldurmak,11
49,işitmek,12
50,sindirmek,7
51,verdirtmek,11
52,büktürtmek,9
53,dövüşmek,11
54,bozayı,2
55,utanmak,8
56,bölge,3
57,yıkmak,11
58,öğrenmek,4
59,yendirtmek,8
60,kapı yapmak,7
61,taç yaprak,2
62,dokumak,10
63,nalları dikmek,9
64,kopmak,9
65,onarmak,6
66,dağılmak,8
67,kaynaştırılmak,14
68,gücenmek,9
69,jartiyer,1
70,hazır,2
71,sızmak,7
72,eldiven,1
73,pişirmek,9
74,kovmamak,10
75,fotoğraf çekmek,9
76,eğilmek,9
77,hırsız,2
78,aldırmak,14
79,sezmek,9
80,maç,2
81,tanışmak,10
82,yolunmak,7
83,verilmek,7
84,dinmek,9
85,yağmak,9
86,binmek,9
87,durum,1
88,parlatmak,11
89,tükenmek,9
90,şapkacı,1
91,otostop çekmek,12
92,nöron,1
93,bitirmek,6
94,karın,2
95,çürümek,6
96,vurgu,3
97,temizlemek,13
98,katılaştırmak,5
99,notilus,2
100,yaratmak,11
101,sınıf,2
102,inci,1
103,durak,3
104,vefat,2
105,aygıtçık,1
106,çevirim,3
107,arınmak,11
108,döndürmek,14
109,yetmezlik,1
110,delmek,10
111,kusmak,8
112,kırdırmak,13
113,gözlemek,6
114,musluk,3
115,şikâyet etmek,11
116,sürülmek,14
117,dondurmak,12
118,kurtarmak,5
119,bohça,2
120,ettirtmek,11
121,doğurmak,8
122,küsmek,10
123,küçülmek,12
124,çığırtkan,2
125,ısınmak,8
126,bunamak,5
127,saydırmak,16
128,makyaj yapmak,8
129,dürmek,7
130,cızlamı çekmek,13
131,kırmızı şarap,1
132,çökermek,13
133,emmek,11
134,cartayı çekmek,8
135,çiçek tozu,1
136,atom,1
137,ağlaşmak,19
138,aldırtmamak,12
139,ayrımcılık,1
140,ürümek,9
141,yetiştirmek,13
142,kapasite,1
143,bıçaklamak,8
144,umutsuz,1
145,atılmak,10
146,yerel değişken,2
147,seri katil,2
148,kapatmak,10
149,geciktirtmek,13
150,Tiranlı,1
151,fortlamak,10
152,ayırmak,7
153,osurmak,5
154,burkmak,7
155,cevap vermek,7
156,kukla,1
157,pişmek,9
158,aşmak,13
159,gecikmek,10
160,takmak,8
161,yoldurtmak,12
162,kurumak,6
163,şaşmak,8
164,bir avuç toprak olmak,9
165,taşmak,8
166,yaklaşmak,14
167,fıstık,3
168,model,2
169,sonsuzluk,1
170,sermek,13
171,güvenmek,10
172,yakışıklı,1
173,kakmak,11
174,kaşımak,8
175,paylaşmak,10
176,alışmak,7
177,boşanmak,5
178,kızgın,1
179,yapmak,16
180,kısmak,7
181,kirpi,2
182,beklemek,9
183,dedikodu,2
184,çöl,2
185,haç,1
186,düldül,2
187,malumat,1
188,hacı,4
189,kaybolmak,8
190,koklamak,5
191,yetmek,9
192,aynasız,3
193,yan tümce,1
194,katil,1
195,susmak,10
196,tanımak,12
197,ittirtilmek,11
198,yaramak,7
199,dermek,7
200,bozmak,10
201,ipek,2
202,kumanda,2
203,keşfetmek,15
204,saldırmak,10
205,süsmek,6
206,duyma,1
207,konmak,11
208,dul,1
209,atmamak,12
210,yakşı,1
211,üremek,8
212,kötüleşmek,13
213,ateşe vermek,10
214,Kürt,1
215,rahmetli olmak,10
216,ilerletmek,9
217,dedikodu yapmak,12
218,satın almak,10
219,doğramak,6
220,türemek,8
221,orangutan,1
222,zartayı çekmek,10
223,kötüleştirmek,8
224,yanıt vermek,6
225,papa,3
226,kaynamak,10
227,dolmuş,1
228,yığmak,9
229,fındık kırmak,10
230,vermek,8
231,dövmek,16
232,kovdurtmak,8
233,yoksullaştırmak,7
234,çökmek,9
235,içermek,10
236,yalamak,8
237,sansar,2
238,yoğurtçuluk,1
239,sünmek,16
240,öpüşmek,11
241,öksürmek,8
242,uyarmak,14
243,dadanmak,10
244,süzmek,5
245,eşik,1
246,istemek,19
247,daldırtmak,7
248,hayırsever,2
249,göçmek,5
250,mühendislik,1
251,borç,1
252,tek sayı,1
253,ulumak,7
254,saçmak,5
255,yaptırtmak,12
256,sanmak,9
257,ayarlanmak,11
258,sunmak,16
259,erimek,8
260,uğratmak,5
261,örtmek,6
262,götten bacaklı,1
263,iyileşmek,8
264,kızmak,10
265,kasmak,11
266,girmek,7
267,buluşmak,10
268,inmek,14
269,makara,2
270,çağırmak,8
271,çökertmek,15
272,prostat,2
273,evrensel değişken,1
274,kapamak,13
275,düzine,1
276,teklif,2
277,azmak,8
278,soymak,5
279,saklanmak,7
280,gülünçleşmek,7
281,ilaç,2
282,çar,5
283,oynamak,11
284,Duşanbeli,2
285,bayılmak,13
286,elektrikli sandalye,2
287,değişmek,8
288,köçek,3
289,sarhoşluk,1
290,basmak,6
291,ittirilmek,11
292,kar,2
293,gazel,1
294,ittirmek,17
295,dize gelmek,8
296,bakmak,13
297,palikarya,1
298,bayılma,1
299,çığlık,1
300,programlatmak,9
301,iğrenmek,13
302,palyaço,4
303,korsan,2
304,müge,3
305,sunulmak,15
306,kazma,1
307,yanardağ,2
308,helak olmak,12
309,ün,1
310,aşık atmak,10
311,palindrom,1
312,dalgalanmak,7
313,kış uykusuna yatmak,9
314,sakin,1
315,ısırmak,8
316,müellif,3
317,pisletmek,8
318,açılmak,7
319,öpmek,11
320,dalmak,7
321,sökmek,5
322,nohut,1
323,yanak,1
324,taramak,8
325,hava atmak,14
326,kazımak,9
327,aldırtmak,8
328,bükülmek,11
329,kusma,2
330,çarpmak,14
331,verdirmek,9
332,mutlak sıfır,1
333,çizmek,8
334,yitmek,14
335,şırınga,2
336,değiştirmek,11
337,çalmak,10
338,disket,2
339,imrenmek,10
340,kıymet,1
341,kaynaştırtmak,12
342,salmak,7
343,titremek,9
344,mağara,2
345,çedar,2
346,yıpranmak,11
347,erime,2
348,eğmek,11
349,uyanmak,7
350,şifonyer,1
351,tekil,5
352,gizemli,1
353,uzanmak,7
354,çoklu kalıtım,3
355,kıskançlık,1
356,Vikipedi,1
357,yazı tura,1
358,kalkmak,8
359,yedirtmek,8
360,şaşırtmak,4
361,sığmak,10
362,temsilcilik,3
363,çan,1
364,ölçtürmek,8
365,dışbükey dörtgen,1
366,kaynaştırtılmak,10
367,peynirli pasta,1
368,yaptırmak,11
369,sarımsak,2
370,aktör,1
371,sikişmek,9
372,ellemek,8
373,çalışmak,13
374,papaz,2
375,süpürmek,10
376,sıkmak,4
377,attırmak,5
378,süzgeç,1
379,boyamak,10
380,evlenmek,6
381,ürkmek,13
382,iribaş,2
383,çıldırtmak,7
384,düzmek,12
385,düzeltmek,11
386,gömlek,1
387,süründürtmek,11
388,rakı,2
389,toprak olmak,5
390,kızan,1
391,mandal,4
392,hamt,2
393,kul,1
394,adsız,1
395,canlandırtılmak,5
396,çorap,2
397,ayarlatmak,7
398,eziyetçi,3
399,silkmek,11
400,geğirmek,6
401,sinirlendirmek,12
402,akvaryum,3
403,bulmak,8
404,gerzek,3
405,kazanmak,6
406,otuz bir çekmek,18
407,simit,1
408,büktürülmek,11
409,çıngırağı çekmek,8
410,dolap,3
411,çavuş,2
412,noktalı virgül,1
413,pırasa,2
414,kovdurmak,11
415,yontulmak,4
416,yabancı anahtar,2
417,birleşmek,8
418,okumak,14
419,çatmak,10
420,polinom,1
421,bilmek,12
422,kıskanmak,15
423,sözlükçü,2
424,anmak,9
425,soğurmak,14
426,artmak,7
427,komikleşmek,11
428,sattırmak,10
429,ayılmak,14
430,engizisyon,1
431,mısra,1
432,gerinmek,11
433,canlandırılmak,8
434,dönmek,7
435,bezmek,9
436,yazmak,10
437,ölçülmek,9
438,canlandırmak,8
439,aznavur,4
440,ettirmek,11
441,seçilmek,2
442,sıçan,2
443,anlatmak,11
444,can vermek,14
445,mal,1
446,toplamak,11
447,cep telefonu,1
448,canlanmak,8
449,üretmek,5
450,uçmak,9
451,tatbik,1
452,defter,2
453,tütmek,6
454,el sıkışmak,7
455,üzmek,14
456,sıyırmak,11
457,üşenmek,10
458,atıştırmak,7
459,tepmek,12
460,yermek,10
461,sıvılaşmak,6
462,totemci,2
463,itilmek,8
464,çoktan seçmeli soru,2
465,coşkusuz,1
466,korkmak,14
467,çoban,2
468,giymek,9
469,atışmak,4
470,papaz olmak,7
471,dirilmek,14
472,dayamak,6
473,yarasa,2
474,radyoaktif bozunum,3
475,yoğurmak,7
476,barışmak,5
477,kalmak,6
478,pişman olmak,8
479,akış,1
480,kaçmak,12
481,aşık attırmak,13
482,koymak,12
483,vakit,2
484,öfkelendirmek,8
485,şaşırttırmak,15
486,düşmek,7
487,cibinlik,1
488,canlandırmamak,8
489,boşalmak,7
490,germek,12
491,bahçıvan,2
492,peri masalı,2
493,denilmek,8
494,geyşa,1
495,yaymak,8
496,taslak,1
497,çıkmak,7
498,kesmek,10
499,gelen giden,1
500,sınamak,9
501,çalışma,1
502,yapışmak,7
503,yormak,10
504,sugeçirmez yapmak,8
505,kalkan,1
506,bağ,1
507,bükmek,13
508,varmak,8
509,derleme,1
510,kazmak,13
511,tutmak,8
512,iyileştirmek,8
513,hasta,2
514,malamoz,2
515,kispet,2
516,kanıtlamak,11
517,şelale,4
518,demek,10
519,cimcime,2
520,tartmak,12
521,orta,1
522,izlemek,7
523,ehemmiyetlilik,1
524,ermek,4
525,çevirmek,12
526,uğratılmak,5
527,övmek,5
528,muğlalık,1
529,kullanılmak,8
530,şaşırmak,10
531,panendeist,2
532,acıkmak,9
533,damat,1
534,büyümek,8
535,sarılmak,10
536,birleştirmek,12
537,delirmek,12
538,bağlamak,15
539,bülbül,2
540,adam,4
541,baklava,1
542,gidilmek,9
543,kovmak,6
544,süt sağmak,7
545,rahatsızlanmak,11
546,şampiyon,1
547,canlanılmak,7
548,büyük,1
549,coşkulu,1
550,zengin istemci,2
551,birleşme,1
552,girdap,2
553,üyelik,1
554,doktor,2
555,ummak,11
556,yapılmak,11
557,akşamdan kalma,2
558,heyecanlandırmak,13
559,ölçüşmek,10
560,avcı,1
561,düşey asimptot,1
562,şaşılmak,10
563,obje,1
564,hareket etmek,10
565,tanımlık,3
566,sürücü,1
567,göndermek,13
568,dolap çevirmek,5
569,sekmek,10
570,bekletmek,15
571,hastalanmak,9
572,ılımak,3
573,koşulmak,10
574,durmak,11
575,entomoloji,2
576,yenici deyim,2
577,jenerasyon,2
578,toplum,1
579,sürüngen,3
580,klişe,2
581,melodi,1
582,kaside,2
583,bulamak,11
584,ortam,2
585,kalıbı değiştirmek,16
586,vurmak,13
587,üçlü,1
588,öğretmek,4
589,karıştırmak,4
590,dolamak,7
591,kantin,3
592,kist,1
593,açmak,5
594,yıpratmak,13
595,yerleşmek,9
596,doymak,8
597,kokmak,10
598,haberleşmek,6
599,tükürmek,12
600,sıvılaştırmak,8
601,klitoris,3
602,karı,2
603,saymak,6
604,abacı,3
605,Hakk'ın rahmetine kavuşmak,8
606,heyecanlanmak,6
607,ölçmek,9
608,deşmek,13
609,omurga,3
610,yörünge,3
611,geliştirmek,6
612,nefes aldırtmak,7
613,ortak,3
614,kaynaştırmak,10
615,köpürmek,8
616,cavlağı çekmek,6
617,horlamak,10
618,satmak,9
619,büktürtmemek,10
620,sürümek,13
621,dünür,1
622,mayo,2
623,etkilemek,7
624,büktürmek,10
625,kıymak,11
626,kirletmek,9
627,dürtmek,12
628,coşmak,7
629,ilklendirmek,9
630,çağanoz,3
631,kuyruğu titretmek,12
632,fakirleştirmek,8
633,başarmak,6
634,otobüs,1
635,yumuşakça,3
636,ekşitmek,8
637,ayarlattırmak,9
638,saklamak,8
639,oturmak,6
640,nefes aldırmak,15
641,kanamak,8
642,damlamak,7
643,demlemek,12
644,bağımlılık,1
645,gerekmek,11
646,kilise,1
647,benzemek,8
648,patlamak,8
649,şerbetçi,1
650,bilemek,9
651,devir,2
652,peçete,2
653,verimsizleştirmek,8
654,çalgıcı,1
655,erdemli,3
656,onamak,8
657,çirkin,1
658,sinüs,1
659,dernek,3
660,seks yapmak,8
661,çarmıha germek,9
662,taşımak,8
663,cezalandırmak,8
664,ölmek,7
665,üstesinden gelmek,10
666,sporcu,4
667,balta,2
668,battaniye,1
669,inanmak,7
670,tıklamak,11
671,anjiyografi,2
672,sözdizimsel tuz,1
673,savunmak,6
674,sağrı,1
675,tane,3
676,burun,1
677,dinçlik,1
678,bölmek,7
679,torun,1
680,taykonot,1
681,eskimek,6
682,ayakkabıcı,4
683,efe,1
684,Türkçeleştirmek,14
685,benek,3
686,yabancı dil,2
687,eğitmek,10
688,aramak,6
689,köygöçüren,1
690,taklitçi olmak,14
691,sürünmek,8
692,seçmek,9
693,topik,2
694,tıraş olmak,7
695,lezbiyen,1
696,çizmeci,2
697,pusmak,8
698,heyecanlandırtmak,16
699,tercih,1
700,papyon,2
701,mobilya,2
702,vampir,2
703,fizik,1
704,makine,1
705,tıkmak,10
706,yağlamak,11
707,depresif,1
708,yerküre bilimci,1
709,alındırtmak,5
710,pilav,2
711,yönetim,4
712,ilköğretim,1
713,dolmak,10
714,sağmak,12
715,fonksiyon,1
716,bozunum,1
717,saban,2
718,demirci,2
719,veteriner,1
720,vaziyet,1
721,hoca,2
722,makyaj,1
723,kot,1
724,boşalma,2
725,buharlaşmak,12
726,similya,1
727,gelişmek,13
728,filiz,1
729,bıyık,3
730,çapa,2
731,baston,1
732,cezerye,4
733,eğlenmek,7
734,kedi,2
735,dergi,1
736,cinsel birleşme,1
737,cumhur,1
738,tan,1
739,kolon,1
740,lunapark,1
741,huzurlu,1
742,börek,1
743,sunu,3
744,belirtme durumu,1
745,salam,4
746,yazma,2
747,negatif sayı,1
748,sevişmek,12
749,değişken,3
750,tütsü,5
751,ağda yapmak,7
752,albüm,1
753,volkanizma,2
754,bıçak,1
755,işemek,5
756,Belgratlı,3
757,yetersizlik,2
758,göstermek,5
759,silmek,7
760,kapmak,5
761,kırmak,6
762,sattırtmak,7
763,sinmek,8
764,kanun,2
765,günahkâr,1
766,devinmek,7
767,öldürmek,5
768,ikincil sürüm,1
769,alev,3
770,yolundurtmak,9
771,kanmak,15
772,paparazi,2
773,orta parmak,1
774,kırıtmak,7
775,katmak,8
776,köpürtmek,6
777,heykelcik,1
778,atlambaç,1
779,bütünleşmek,7
780,kurutmak,9
781,süründürmek,8
782,sevmek,4
783,yalvarmak,12
784,olmazsa olmaz,1
785,mümessillik,2
786,içmek,3
787,altını çizmek,13
788,aşık olmak,8
789,eklemeli,1
790,gebermek,9
791,milyoner,1
792,yuvarlamak,8
793,intikam,2
794,bağcık,2
795,kulağını bükmek,6
796,platform,1
797,tanıtmak,9
798,oda,2
799,aktris,2
800,düşünmek,9
801,yatılı okul,1
802,öldürtülmemek,7
803,amirallik,1
804,dinozor,3
805,öğütmek,8
806,özne,1
807,canlandırtmak,6
808,kozmonot,2
809,eşya,2
810,zayıf istemci,3
811,dilmek,10
812,kuşkonmaz,1
813,telefon,2
814,çift,2
815,rehine,1
816,uyumak,3
817,travma,2
818,kruvasan,1
819,tercüme,1
820,meşrubat,1
821,konferans,1
822,kunduz,2
823,katılaşmak,6
824,yolmak,7
825,kesyap,2
826,ideal,1
827,ölümsüzleştirmek,4
828,daldırmak,10
829,viski,1
830,taşak,1
831,sinematograf,1
832,yarmak,10
833,guakamole,2
834,çarpı,2
835,paten,2
836,cephe,2
837,masal,1
838,duymak,7
839,röpörtaj,1
840,sihirbaz,2
841,sikmek,6
842,sararmak,11
843,menekşe,1
844,vaha,1
845,dişleklik,1
846,değerli,3
847,belirli integral,2
848,gider,1
849,diremek,8
850,yummak,9
851,işkenceci,1
852,temsilci,1
853,vezir,1
854,kullanıcı,1
855,mezarlık,3
856,penis,1
857,çiş,1
858,sikilmek,7
859,oyalamak,7
860,acımak,16
861,ekşimek,12
862,albatros,2
863,dilber,2
864,portakal,2
865,avokado,1
866,serpmek,8
867,artçı deprem,1
868,mezuniyet,1
869,ilginç,1
870,koyulaşmak,4
871,korkuluk,2
872,seyretmek,8
873,taverna,1
874,ikiz,1
875,vitrin,1
876,ağaçkakan,2
877,harçlık,1
878,neşe,1
879,şafak,2
880,yayıncılık,2
881,satılmak,6
882,kuyruklu yıldız,1
883,boyacı,1
884,endokrin sistem,2
885,irdelemek,5
886,geçmek,6
887,manti,1
888,asmak,7
889,kalamar,1
890,kullanmak,11
891,kamus,3
892,pezevenk,1
893,hata yapmak,8
894,lenfatik sistem,1
895,ittirtmek,7
896,ibne,1
897,devrim,1
898,birleştirtmek,10
899,yedirmek,13
900,şal,2
901,yangın,1
902,fevt olmak,6
903,üzüm,1
904,yelken,1
905,mantıksız,2
906,duş almak,8
907,süs,2
908,kuma,2
909,aksiseda,1
910,bay,2
911,acıtmak,8
912,bandaj,1
913,bitmek,8
914,pelin,3
915,lahana,3
916,dublör,1
917,lokum,2
918,tabansız,1
919,içyüz,1
920,enfeksiyon,2
921,haham,3
922,şişmek,6
923,sessizlik,3
924,şamarlamak,4
925,volkan,1
926,yağmur,1
927,gizlenmek,7
928,şamisen,1
929,diri,1
930,programlanmak,5
931,sönmek,6
932,bereket,1
933,aldatmak,6
934,solmak,8
935,bükmemek,8
936,dökmek,8
937,erke,1
938,koy,1
939,sululuk,1
940,sözlük,1
941,toz,1
942,porsuk,3
943,yazanak,1
944,semerci,1
945,vasat,3
946,kefir,1
947,unutmak,10
948,nokta,1
949,sayım,1
950,paleoantropoloji,1
951,yenilmek,7
952,ziyaret,1
953,tarihçi,3
954,kıyafet,2
955,işlemek,9
956,çekirdek,2
957,solumak,6
958,kovulmak,9
959,vazo,1
960,yalın hal,1
961,hamster,1
962,kalıbı dinlendirmek,10
963,şark,1
964,kalfa,1
965,mühendis,1
966,âşık olmak,8
967,nosyon,1
968,bilek,1
969,kaynaşmak,11
970,ağlamak,7
971,doğmak,7
972,olay,2
973,karar,1
974,lügatçe,1
975,parasızlık,2
976,kayık,1
977,ongunculuk,1
978,endoplazmik retikulum,1
979,ovmak,12
980,şirket,3
981,ağır,1
982,diş macunu,2
983,seslenmek,8
984,yemeni,3
985,büktürtülmek,10
986,yüksek fırın,3
987,iblis,1
988,geçinmek,2
989,ıslık çalmak,13
990,almak,8
991,yan cümle,2
992,kader,1
993,cami,4
994,yer,2
995,müzikal,1
996,belde,1
997,utandırmak,7
998,bahtsız,1
999,gitme,1
1000,terapist,2
1001,maratoncu,2
1002,Siyamlı ikiz,1
1003,orman,2
1004,çarşaf,2
1005,örtü,2
1006,zangoç,2
1007,çıkarmak,6
1008,falcı,1
1009,bluzlu,1
1010,cihaz,1
1011,nişanlı,2
1012,ölüm,1
1013,eksi sayı,1
1014,geçmiş,1
1015,duyu,2
1016,gaflet,2
1017,arpa,1
1018,güzelleştirmek,7
1019,bilye,2
1020,kuğu,2
1021,göt yanağı,1
1022,kaşe,1
1023,gelinmek,6
1024,parçalanmak,5
1025,yonga,1
1026,davranmak,10
1027,çilek,1
1028,dalgalandırmak,8
1029,üstveri,2
1030,üşümek,8
1031,kor,1
1032,sürü,2
1033,koruyucu,2
1034,götürmek,8
1035,cenaze,1
1036,sihirli,1
1037,yaka,1
1038,taklitçi,1
1039,üvey evlat,1
1040,korunma,1
1041,doğu,2
1042,tekdillilik,2
1043,örnek,1
1044,nergis,1
1045,yumurtalık,2
1046,ayrılmak,8
1047,boz ayı,1
1048,iffet,1
1049,hedonizm,1
1050,yetkili sunucu,1
1051,balıkçı,1
1052,itmek,8
1053,gözden kaybolmak,12
1054,numaralamama,1
1055,solunum sistemi,1
1056,teşkilat,1
1057,spam,1
1058,ışık,1
1059,kipa,2
1060,kırılmak,12
1061,hüzün,1
1062,canlanmamak,8
1063,kütük,2
1064,eşek,2
1065,yüksük,1
1066,küremek,8
1067,erkeklik,1
1068,türev,1
1069,örümcek,2
1070,geciktirmek,10
1071,ülke,3
1072,bükülme,1
1073,maskara,3
1074,noktürn,2
1075,görüntü,1
1076,protesto,3
1077,ispatlamak,5
1078,olmak,9
1079,içgüdü,1
1080,levrek,1
1081,bitirtmek,14
1082,sınır,1
1083,puan,1
1084,alındırmak,10
1085,pembe dizi,1
1086,ümitsiz,1
1087,acemi,1
1088,birleşik sözcük,2
1089,ön ek,1
1090,kelek,1
1091,abartmak,9
1092,psikoterapi,1
1093,yufka,1
1094,vaftiz,1
1095,kararmak,3
1096,ejderha,1
1097,şampanya,1
1098,kaçırmak,5
1099,sosis,3
1100,altın,1
1101,acıktırtmak,10
1102,motorin,1
1103,mezra,2
1104,dövme sanatçısı,1
1105,kaydedici,2
1106,postu deldirmek,6
1107,valiz,2
1108,ambulans,1
1109,yarış,2
1110,dakika,1
1111,kastanyet,1
1112,ümitli,1
1113,sütlü kahve,1
1114,ulam,3
1115,çamur,1
1116,katılmak,8
1117,dövüşçü,2
1118,nal,1
1119,yamyam,1
1120,katar,2
1121,kemer,1
1122,balamoz,2
1123,evcil sinek,3
1124,ehemmiyet,1
1125,alt,1
1126,aseton,1
1127,kurbağacık,2
1128,server,2
1129,belirtme hali,1
1130,dağılma,1
1131,parıltı,1
1132,gizlemek,10
1133,yöre,1
1134,esrarengiz,1
1135,onguncu,2
1136,limonata,3
1137,börülce,1
1138,virgül,1
1139,çakıl,1
1140,arkadaşlık,2
1141,güreşçi,3
1142,kereviz,2
1143,yontmak,4
1144,grup,1
1145,sapmak,7
1146,sahife,1
1147,tatlı,1
1148,sunucu,2
1149,vida,1
1150,radyoaktif parçalanma,1
1151,tepkime,1
1152,neden,1
1153,umutlu,2
1154,ayı,1
1155,sözcülük,1
1156,kürk,1
1157,balık,3
1158,nedime,2
1159,peynirli kek,2
1160,solucan,2
1161,yarak,1
1162,bulunmak,7
1163,yolundurmak,4
1164,kursiyer,1
1165,savaşmak,6
1166,yedek,2
1167,Mogadişulu,1
1168,film,1
1169,İngilizceleştirmek,11
1170,kerpiç,1
1171,gökada,1
1172,reaktör,2
1173,sülüs,2
1174,süperpozisyon,1
1175,pencere,1
1176,deyim,1
1177,çaydanlık,1
1178,ölçtürtmek,10
1179,strüktür,2
1180,çalar saat,1
1181,lügat,1
1182,melek,1
1183,lastik,3
1184,ananas,1
1185,koca,2
1186,amca,1
1187,beceriksiz,1
1188,saksocu,1
1189,mortoyu çekmek,5
1190,açılır liste,3
1191,soğumak,6
1192,hamak,1
1193,numara verme,3
1194,kahve,2
1195,göğüs kılı,1
1196,brokoli,1
1197,öğretmen,1
1198,öğütücü,1
1199,liste,1
1200,bas,2
1201,sosisli sandviç,2
1202,matla,1
1203,deoksiribonükleik asit,1
1204,bisiklet kaskı,1
1205,milimetre,1
1206,balkan,1
1207,acayip,1
1208,dövüş,1
1209,özür,3
1210,oyuncu,3
1211,yolculuk,1
1212,ninni,1
1213,üçüz,2
1214,seçiciler kurulu,1
1215,ışın,1
1216,sayfa,2
1217,evlilik,1
1218,ramazan,1
1219,öğrenci,2
1220,bugün,1
1221,milyarder,1
1222,emlak,1
1223,cümle,1
1224,eşantiyon,1
1225,balina,3
1226,ağa,1
1227,kılıç,1
1228,sevkiyat,2
1229,acıktırmak,4
1230,salçalık,2
1231,bencil,1
1232,tanga,2
1233,üzgün,2
1234,kansızlık,1
1235,kağıt,1
1236,bakan,3
1237,radar,1
1238,irkeyel,2
1239,avukat,2
1240,hatır,2
1241,dağ,1
1242,kıskanç,2
1243,bermuda,1
1244,umman,1
1245,mancınık,2
1246,arzu,1
1247,şalvar,2
1248,önemlilik,1
1249,dizmek,8
1250,penisilin,1
1251,hava yastığı,1
1252,yara,3
1253,yuva,2
1254,havadan karaya füze,1
1255,kıyı,1
1256,darılmak,8
1257,ağaç çivi,2
1258,şehir,1
1259,yeşim,1
1260,duy,2
1261,güvercin,1
1262,yasak,1
1263,varoş,1
1264,karne,1
1265,patates,1
1266,gün,1
1267,minber,1
1268,gençlik,1
1269,tabanca,2
1270,gezegenimsi bulutsu,1
1271,görmek,5
1272,ot,1
1273,pipi,2
1274,molekül,1
1275,külah,1
1276,evcik,2
1277,tek boynuzlu at,2
1278,kilim,1
1279,bilişsel psikoloji,1
1280,bazalt,1
1281,istemci,2
1282,çap,3
1283,silgi,1
1284,referans,2
1285,otuz birci,1
1286,dağınık,2
1287,ıspanak,2
1288,seven,2
1289,cenup,1
1290,oto,1
1291,Monakolu,1
1292,bellek,1
1293,tornavida,1
1294,şahmerdan,1
1295,konsey,1
1296,şeriat,4
1297,telofaz,1
1298,karamel,2
1299,kontes,1
1300,yol arkadaşı,1
1301,işletim,1
1302,yırtmak,5
1303,vikipedist,1
1304,biseksüel,1
1305,odak,1
1306,deney,3
1307,fırın,1
1308,köylü,2
1309,sövmek,7
1310,böcekbilim,1
1311,turşu,1
1312,cep,2
1313,bulunma,1
1314,güvensizlik,1
1315,barış,1
1316,arayüz,1
1317,optimizasyon,2
1318,acı,1
1319,dadı,1
1320,sosyolog,1
1321,idare,1
1322,erkecel,2
1323,lokanta,1
1324,kas,1
1325,alet,2
1326,banka,1
1327,soğan,1
1328,haber,1
1329,amaç,2
1330,benzer,2
1331,vekil,1
1332,becerikli,3
1333,gereksinim,1
1334,çarşı,1
1335,onur,1
1336,öykü,1
1337,sınırlı integral,2
1338,eksen,1
1339,söz vermek,8
1340,parlatıcı,2
1341,sürtük,1
1342,tümce,3
1343,monolog,2
1344,marangoz,2
1345,roket,1
1346,kuyu,2
1347,kürke,1
1348,bakire,1
1349,peruk,2
1350,dirim,2
1351,kompleks sayı,1
1352,ebe,2
1353,yetişmek,7
1354,dikkat,1
1355,otofobi,1
1356,sinagog,2
1357,karşılık,2
1358,kümes,4
1359,votka,1
1360,güvenlilik,1
1361,ur,1
1362,heteroseksüel,2
1363,otizm,1
1364,sümürmek,3
1365,fakir,2
1366,çıkmaz sokak,1
1367,totem,2
1368,iskender,1
1369,ilke,1
1370,is,2
1371,blog,2
1372,birlik,1
1373,büyücü,3
1374,mustatil,1
1375,düşman,2
1376,zağar,1
1377,otel,1
1378,samur,1
1379,âlim,1
1380,âlem,1
1381,bıkmak,6
1382,güdüm,1
1383,bakir,1
1384,karanfil,1
1385,skrotum,2
1386,in,1
1387,topçu,2
1388,hanım,1
1389,sahipli yazılım,1
1390,jonglör,2
1391,hediyelik eşya,2
1392,dalgıç,1
1393,kapak,1
1394,kamera,1
1395,hecin,1
1396,cihan,1
1397,Musevi,4
1398,duyu-dil programlama,1
1399,smiley,1
1400,papatya,1
1401,sünger,1
1402,gondol,1
1403,anasızlık,1
1404,atletik,1
1405,odacı,1
1406,uydu,1
1407,sevap,1
1408,kupür,1
1409,hükûmet,2
1410,donatım,1
1411,çekmece,1
1412,numaralama,1
1413,maymun,2
1414,havuç,2
1415,hayalî arkadaş,1
1416,kuvvetlilik,1
1417,müşteri,1
1418,enstrüman,1
1419,tenisçi,1
1420,çöpçatan,2
1421,mümkün kılma,1
1422,kısrak,1
1423,lolipop,2
1424,göğüs,1
1425,günebakan,1
1426,göç,3
1427,elektromanyetik kuvvet,1
1428,yıkamak,5
1429,kiraz,2
1430,zafer,1
1431,pehlivan,2
1432,yelek,1
1433,basketbolcu,2
1434,kavim,1
1435,batı,2
1436,makta,1
1437,batmak,4
1438,çubuk,1
1439,sosyal paylaşım sitesi,1
1440,sistem,1
1441,çökelek,1
1442,helikopter,1
1443,dinlilik,1
1444,karmaşık sayı,1
1445,heyet,1
1446,polis,1
1447,dış iskelet,1
1448,davranış,1
1449,çiftetelli,1
1450,mermi,1
1451,yetenekli,3
1452,kelime,2
1453,yaratma,1
1454,desen,1
1455,efsun,3
1456,salon,1
1457,gösteri,2
1458,ekstremum,1
1459,pim,1
1460,helva,1
1461,sıfat,1
1462,ortaklık,1
1463,asa,1
1464,hücre,2
1465,frambuaz,2
1466,şahıs,1
1467,kibrit,1
1468,kovboy,1
1469,dizi,1
1470,piknik,1
1471,izleyici,1
1472,amatör,1
1473,sargı,1
1474,veri tabanı,1
1475,ağlama,1
1476,varış,1
1477,yağlayıcı,1
1478,mıknatıs,1
1479,satış,1
1480,kontakt lens,2
1481,âmâ,2
1482,dinlenme,1
1483,yardımcılık,1
1484,hudut,1
1485,penis başı,1
1486,jaluzi,1
1487,kırtasiye,1
1488,tarım,1
1489,teori,1
1490,pastırma,2
1491,dalak,2
1492,tecrübe,1
1493,gelin,1
1494,kaş,1
1495,büzük,1
1496,sabah,1
1497,ciklet,1
1498,ikaz,1
1499,kazı,1
1500,uzak,1
1501,adale,1
1502,ağdacı,1
1503,duman,1
1504,domates,2
1505,üvey kız,1
1506,bileşik,2
1507,en küçük ortak kat,3
1508,kravat,1
1509,dezenfektan,1
1510,firavun,1
1511,çiftlik,1
1512,özgür yazılım,1
1513,belirsiz integral,1
1514,anüs,1
1515,çırak,2
1516,nefret,1
1517,tutulma,1
1518,salahiyet,1
1519,ölü,1
1520,pelte,1
1521,yanlış,1
1522,okul,1
1523,lezzet,1
1524,bulgur,1
1525,kâbus,1
1526,fondöten,1
1527,özlem,1
1528,masumiyet,1
1529,hastane,1
1530,baca,2
1531,forumdaş,1
1532,yağış,1
1533,mikrop,1
1534,mühimlik,1
1535,bomba,1
1536,öbek,1
1537,saç,2
1538,sos,2
1539,umur,1
1540,ketçap,2
1541,veri,1
1542,gefirofobi,1
1543,külfet,1
1544,cevap,1
1545,enjeksiyon,2
1546,lala,1
1547,tarif,1
1548,delik,1
1549,istisna,2
1550,omuz,1
1551,sucuk,1
1552,çip,1
1553,ilklendirme,1
1554,müstahdem,1
1555,incir,1
1556,İngiliz anahtarı,1
1557,salıncak,1
1558,deli,1
1559,kat,2
1560,dikdörtgen,1
1561,maydanoz,1
1562,kolej,2
1563,çıt,1
1564,ziyaretçi,1
1565,saksafon,1
1566,taraba,1
1567,gezmek,2
1568,intihar,1
1569,elmas,2
1570,granüllü endoplazmik retikulum,1
1571,doğum günü,1
1572,isyan,1
1573,nutuk,1
1574,keser,1
1575,direk,1
1576,sözcü,2
1577,nefes almak,2
1578,kuvvet,1
1579,hülya,1
1580,dinlenmeme,1
1581,kırışıklık,1
1582,fikir,1
1583,algoritma,2
1584,yaratı,1
1585,yatay asimptot,2
1586,kellik,1
1587,kontak lens,1
1588,vekil sunucu,1
1589,mahzen,2
1590,yastık,1
1591,disko,4
1592,ofis,1
1593,peynir,1
1594,böbrek,1
1595,seyahat,1
1596,patron,1
1597,palmiye,1
1598,güllaç,1
1599,leylek,1
1600,düğün,1
1601,sindirim,1
1602,savaşçı,2
1603,katalog,2
1604,adsız sınıf,3
1605,ilişkisel model,1
1606,puro,1
1607,üre,1
1608,karadan havaya füze,1
1609,diyapazon,1
1610,alçak,1
1611,kutu,4
1612,sonuç,1
1613,tekila,1
1614,ecel,1
1615,kavun,1
1616,ek,1
1617,asit,1
1618,peron,1
1619,şamdan,1
1620,küçük parmak,1
1621,donanım tanımlama dili,1
1622,bilgi,1
1623,çelik,1
1624,ders,1
1625,embriyo,1
1626,finiş,1
1627,bacak,1
1628,fok,1
1629,peri,1
1630,yapma,3
1631,çizgili sinek,1
1632,sabit disk,1
1633,tundra,2
1634,prezervatif,1
1635,büyüleyici,2
1636,frizbi,1
1637,işleme,2
1638,kâğıt,1
1639,parçacık,1
1640,pancar,1
1641,tavuk,1
1642,soyut arayüz,1
1643,figüran,1
1644,kaçak,1
1645,başıboş dolaşan,1
1646,yüzüncü,1
1647,yasa,1
1648,minare,1
1649,roman,1
1650,kraliçelik,1
1651,bit sineği,1
1652,vişne,1
1653,tuğla,1
1654,senkretizm,1
1655,bitki,1
1656,pusula,1
1657,kireç,1
1658,tüy,1
1659,it,1
1660,otocu,1
1661,abajur,2
1662,müezzin,2
1663,araç,1
1664,funda,1
1665,nükleotit,1
1666,doğru,1
1667,lahmacun,1
1668,sevgili,1
1669,kaset,1
1670,yardımcı,1
1671,mevki,1
1672,asker,2
1673,kılmak,3
1674,plektrum,1
1675,düşes,1
1676,ebediyet,1
1677,külek,1
1678,topluluk,1
1679,baytar,1
1680,yoğurt,1
1681,üye,1
1682,dönem,1
1683,büst,1
1684,hazine,1
1685,genelev,1
1686,uçak,1
1687,mumya,1
1688,eksiklik,1
1689,feribot,1
1690,interfaz,1
1691,ped,1
1692,anjiyo,1
1693,parmak,1
1694,olta,1
1695,çökerti,1
1696,misket,1
1697,cehennem,1
1698,gazete,1
1699,istiridye,1
1700,yıldırım,1
1701,bilgisayarlı,1
1702,model-view-controller,1
1703,gürz,1
1704,futbolcu,1
1705,aktif,1
1706,hafta sonu,1
1707,savaş,1
1708,tanrı,1
1709,işaret parmağı,1
1710,erkenek,2
1711,fibrinojen,1
1712,taklit,1
1713,alt kavram,1
1714,sorumluluk,1
1715,bamya,1
1716,çorba,1
1717,kapama,1
1718,genel bilgi,1
1719,karpuz,1
1720,sütyen,1
1721,hapis,1
1722,muz,1
1723,enjektör,1
1724,patlıcan,1
1725,kenar,2
1726,yoğurtçu,1
1727,tahdit,1
1728,bağırsak,1
1729,laço,2
1730,sultan,1
1731,çiçe,1
1732,kara delik,1
1733,Kopenhaglı,1
1734,yağ,1
1735,sahip,1
1736,müsaade,2
1737,dinleti,2
1738,yapışık ikiz,1
1739,ayakkabı,1
1740,dişlek,1
1741,lezyon,1
1742,kaygı,1
1743,kolonya,1
1744,kardeş,1
1745,gırtlak,1
1746,hindi,1
1747,beyin fırtınası,1
1748,kuzgun,1
1749,fakülte,1
1750,supap,1
1751,tamlayan durumu,1
1752,koyu sırtlı saka,1
1753,katamaran,1
1754,mikroorganizma,1
1755,damatlık,1
1756,mutlu son,1
1757,yeterlilik,1
1758,iletken,1
1759,telesiyej,1
1760,gayzer,1
1761,susam,1
1762,telaffuz,1
1763,ekinoks,1
1764,ısı,1
1765,sarmaşık,1
1766,belediye,1
1767,vernikleme,1
1768,aşk,1
1769,yavru,1
1770,çıkma durumu,1
1771,taç,1
1772,kola,1
1773,fitil,1
1774,çiğdem,1
1775,sıralama,1
1776,çam,1
1777,sekme,1
1778,uzunluk,1
1779,sempozyum,1
1780,askı,1
1781,taciz,1
1782,huri,1
1783,hız,1
1784,hıçkırık,1
1785,otomobilci,1
1786,nükleer kış,1
1787,usul,1
1788,tamlanan,1
1789,çakal,1
1790,kıllık,1
1791,elifbe,1
1792,primitif,1
1793,ziggurat,1
1794,sapan,1
1795,fal,1
1796,ucube,1
